<?xml version="1.0" encoding="UTF-8"?>
<module rename-to='gwtsimpleapp'>
  <!-- Inherit the core Web Toolkit stuff.                        -->
  <inherits name='com.google.gwt.user.User' />

  <!-- Inherit the default GWT style sheet.  You can change       -->
  <!-- the theme of your GWT application by uncommenting          -->
  <!-- any one of the following lines.                            -->
  <inherits name='com.google.gwt.user.theme.standard.Standard' />
  <inherits name='org.fusesource.restygwt.RestyGWT' />
  <!-- <inherits name='com.google.gwt.user.theme.chrome.Chrome'/> -->
  <!-- <inherits name='com.google.gwt.user.theme.dark.Dark'/>     -->

  <!-- Other module inherits                                      -->

  <!-- Specify the app entry point class.                         -->
  <entry-point class='com.simpleapp.client.SimpleAppClient' />

  <!-- Specify the paths for translatable code                    -->
  <source path='client' />
  <source path='shared' />
  <source path='server' />
</module>